Id	Antisemitic or Not	Class of Antisemitism
1293200508656721920	0	
1291817243278553088	0	
1292750633104289792	1	0
1275918779831238656	1	0
1293090052252135424	1	0
1293275333987381251	0	
1293251961031204865	1	2
1293312774563606531	0	
1293375754751881217	1	0
1285204382779420674	0	
1293234382535135232	1	0
1293226893118849024	0	
1285747976460107777	0	
1293333174739775489	1	2
1293362107455397889	1	3
1278649503088816131	1	0
1290058183092744192	1	0
1292881111048060928	0	
1293343982060220416	1	3
1278388240190451719	1	0
1283086763393605633	0	
1292959678058467328	0	
1292503232409829376	1	0
1293286054418477056	1	0
1292258993218322433	1	0
1292878093938565120	1	0
1293359379719368714	1	3
1293173666495299584	0	
1293242870900625408	0	
1293244570067709952	0	
1276510085536153600	0	
1293331786257309698	0	
1276162191188791300	0	
1277758647775313921	0	
1293360721590353921	1	3
1293360247839641600	1	0
1293235251515449345	0	
1293014184175730690	1	0
1293246816998371329	1	0
1293347452133629953	1	0
1293334392069394433	1	3
1290614788343705601	0	
1286149790510624769	0	
1293222897599877121	0	
1293291747322232834	1	2
1293048465803673600	0	
1293366171878723584	0	
1287048367277772800	1	0
1293150151612272642	1	0
1280602148783489031	0	
1277623627337347074	0	
1293215511019307009	0	
1284866321860132865	0	
1292527670765301760	1	0
1293144841375817729	1	0
1292929075263176706	1	0
1293186217127763968	0	
1293283216942444544	0	
1277625154697396228	0	
1293257224081612801	0	
1291115054348337155	0	
1293103767529889793	0	
1293249267361079302	1	0
1293324322573029378	1	2
1293347917273739267	0	
1292840650082267136	1	0
1293195401319845889	1	0
1290983719155752961	0	
1293249036452069378	0	
1293321442025779200	0	
1276154029740040201	0	
1275832948961533953	0	
1291801198958436352	0	
1291105599405555715	0	
1292792029265747969	0	
1279423281083359232	1	0
1291083748629344256	0	
1293289279033139205	1	3
1292280036741931008	1	2
1285225322183630851	1	0
1292214843399966721	1	0
1276177172533841921	0	
1293024162538233857	0	
1292255657706639361	1	0
1275863035157061633	0	
1292869880019144706	1	0
1293155748092903430	1	3
1277652601329397760	0	
1292422892177809410	1	0
1292909163996160007	0	
1286588725468823557	1	0
1293189356107247616	1	0
1282332657750335490	0	
1292875702841245701	1	0
1293249834116407296	0	
1293289304106643456	0	
1293217091852566529	1	2
1275733250552496128	0	
1293156618763468801	0	
1292594735505387520	1	3
1292872637308436480	0	
1293186922169241609	0	
1293321943547023360	1	0
1293157398895624192	0	
1293363224398540801	0	
1293323008078229504	1	3
1293219087296978944	0	
1292312948233379840	1	3
1293356381353816064	0	
1293372225546944512	0	
1293354724733796352	1	0
1293184526433128458	0	
1292339733469646848	0	
1292871092697206787	0	
1293165985516736512	1	2
1292802142516936704	0	
1292831945232187393	0	
1292621720105361408	1	0
1293173603266166784	0	
1292800523083472898	0	
1293285436295712770	1	0
1292846501748707328	0	
1291429394582589441	0	
1293213826314309632	0	
1292554187079745537	0	
1292212376071176193	1	3
1286757615725412352	0	
1293215301299994626	0	
1293351002007994369	1	2
1279080266003292160	0	
1293291248023814144	1	3
1293177323710111744	0	
1293335546295615488	1	3
1276250130111508481	0	
1277677975715098624	0	
1293222460725354504	0	
1276791913358581760	1	2
1288037387587723264	0	
1293250790937595904	1	0
1293328129277165569	0	
1286900704011931648	1	0
1276162384093229058	0	
1279066560452329475	1	2
1279852053536272384	0	
1292027010034933761	0	
1291163210540650497	1	3
1293214772620668928	1	3
1283748339616550914	0	
1293179203874152449	1	3
1282164556819816448	0	
1293276214774370305	1	2
1293208122178207744	0	
1286404787009761280	0	
1292350304503992322	1	2
1293243126497398785	0	
1277091128257511426	0	
1292673230868709378	0	
1293263265443741697	1	0
1275843409400467456	1	3
1293273151808385026	0	
1276200452825264128	0	
1292966737697177601	1	3
1293243731370549249	1	2
1293322897860300804	1	2
1292710128249180164	1	3
1293217470577352705	0	
1293316262110494720	1	3
1288490279138467845	0	
1293107129235251201	1	0
1289534968046055426	1	3
1293188798478610432	0	
1293328992196493313	0	
1288599328735592448	0	
1292999262108868608	0	
1279755138484363266	0	
1292933331227738112	1	0
1293342548379959296	0	
1293346225345957889	1	0
1293359023933325315	0	
1293193310899703808	1	0
1293272094067707904	1	3
1293235867079802881	1	0
1293156986624843777	1	3
1275961182826840065	0	
1293369478483341312	1	0
1293314406403760129	1	3
1292211447318142976	0	
1292888283081564177	0	
1279885976509308929	0	
1281487456148357121	0	
1293140505694412801	1	3
1292952088901607424	1	3
1293203228453199875	0	
1293176081671954432	0	
1292344506839437312	1	0
1293226744837738496	1	3
1276456485996736518	0	
1279444809812492292	1	3
1293237644600709127	0	
1292398150234365953	0	
1293261485607723015	1	0
1292846383070957568	0	
1292838783998517249	1	3
1293230229918486533	0	
1280463057987284992	0	
1293293602894905344	0	
1292420628717297664	1	0
1293217029592420357	0	
1288860283453177856	1	3
1293322435006287872	1	0
1292998758612062214	0	
1293238266074808323	0	
1293352602600644614	1	0
1293191131245629446	0	
1293163757523230720	1	0
1279004204372279297	0	
1292239894631391232	0	
1293270513146617857	0	
1293254488548048897	1	2
1293175162162909184	0	
1293190159136169985	0	
1293293122307448837	0	
1291377014147088385	0	
1293295726299160576	1	0
1293309924949340160	1	0
1290984779400216576	0	
1292450687532429312	1	2
1292275504737923073	1	0
1292207774387130368	1	3
1293239302462361608	1	3
1292745720886435840	0	
1293176851997786112	1	3
1275693838372388875	0	
1293351466581872642	1	3
1292944342622113793	0	
1292872186647191553	0	
1285374703452991488	0	
1293266351834959872	0	
1293141150044495873	0	
1277374696233807872	0	
1283310494321979393	0	
1293290824525131780	0	
1293173490753974273	0	
1276450175880437761	0	
1284038738188918785	0	
1279077093544951808	0	
1281007714567704578	1	0
1292882103919620097	1	3
1293254412652216320	0	
1293165800401117184	0	
1277088629572153344	0	
1292805373951344643	0	
1290078229743558656	0	
1292995678654914569	0	
1282063608390836231	0	
1293239062552346624	0	
1280586927125794817	0	
1291850185430065152	0	
1293221669184704518	0	
1293304298403700737	1	2
1278866784867586049	0	
1293241161398853637	0	
1293160306554929152	0	
1292276988263034881	0	
1293305396103393281	1	3
1293030590711619585	0	
1293189568045301763	0	
1293234784907464708	1	2
1285371826605088769	1	0
1277588335800786945	0	
1293000339378012161	0	
1282060681081233408	0	
1293230481723424769	1	0
1289802033738866688	0	
1293262805697732611	0	
1279829235717345280	0	
1292208995999121409	1	0
1276588463186423808	0	
1293161091858599936	1	3
1293149663269462017	1	2
1292903163666870272	1	0
1290898057949638658	0	
1293250184164585472	1	3
1291211056858226688	1	0
1278614389302714368	0	
1276561150898049026	0	
1286390238299000832	0	
1293185831822229504	0	
1291902973396697088	0	
1285973807228911617	1	0
1292203497362984964	0	
1293013730951860224	1	3
1292261007193255937	0	
1293242270104326145	1	3
1292934693986459650	0	
1293148384212258816	0	
1293303148765802496	0	
1293307888153305091	0	
1293278951599681537	0	
1293204510882566144	0	
1293336748932595715	1	3
1293163943473684482	1	3
1292846120901775361	0	
1279004471033544706	0	
1292173586237730818	1	0
1293338783455367171	0	
1292327613323554816	1	3
1276222700139225090	1	0
1276477210115878913	0	
1293325541601419264	0	
1292212358958415872	0	
1278904442876825600	1	0
1293279904713207808	0	
1276582023549923329	0	
1291919409112666112	0	
1293246003689259010	1	3
1292540010235867143	1	0
1279739088640315393	0	
1293016000091357184	0	
1284513674846240770	0	
1293266770476675072	1	0
1292558408701431808	1	2
1293161703132233728	0	
1293155462427348992	0	
1278342923084599298	0	
1279104098684583939	0	
1280689342659297282	1	0
1293201230194282496	0	
1279241221458628609	1	0
1292691620723331078	1	0
1293370303419097091	0	
1291382822142464015	0	
1293137682407792648	0	
1292874573151703040	1	3
1278014722810445827	0	
1293321151540637696	0	
1277593633466744832	0	
1292798202098388997	1	3
1293152336085385217	0	
1293360531299094528	1	2
1278297090075045889	0	
1292221583776505856	1	0
1282923451079106561	0	
1279105519433596928	0	
1293337507686305792	0	
1293163741270466562	0	
1293095128001896448	1	0
1293194504271360000	0	
1293169797186953217	0	
1292491812788150276	0	
1288882571322044416	1	0
1293035346087862273	0	
1292763050945191937	0	
1293155592245313536	1	3
1292374170630848512	1	0
1293277959122571265	0	
1292641525546061825	0	
1292331268374487042	0	
1293292077711843330	0	
1293259757990694913	1	3
1293154878647394304	1	0
1293312497819308034	0	
1293192325498195980	1	0
1277571250173460481	0	
1292905885770092545	1	3
1284564026333237248	0	
1275824254513303552	1	3
1292391716243345409	1	3
1289810989097996290	1	0
1288113657801392131	0	
1293294246007635969	0	
1279031832667963393	0	
1293210674873671680	0	
1293268490455982080	0	
1293159733155725315	1	3
1293199591521869825	0	
1292295546904903682	0	
1284433679067090945	1	2
1293286445545689088	0	
1290813883121307648	0	
1293183725434372096	0	
1292999172891836417	0	
1293276922605187072	1	3
1293364917114830848	0	
1293159047798099973	0	
1293216610556223488	1	0
1292179302092541954	0	
1293149303410757633	0	
1293303701046779905	0	
1293333817436983296	1	0
1293295854502187011	0	
1293146194114306048	1	3
1292962780975435776	0	
1286717946769940480	0	
1293155703142612992	0	
1280909170019954688	1	0
1281044776838746113	1	0
1279886266155315201	0	
1285087649145982976	1	0
1293332377251524614	1	3
1292819881172377602	1	3
1281989668259725312	1	0
1293149083478241280	1	0
1289692652774944771	0	
1293219960198586368	0	
1293283415941316608	1	3
1293336081203630080	0	
1292419080985640960	0	
1293182158798852097	0	
1277232602622148608	0	
1276423966782033921	0	
1276042722240090113	0	
1292578448574238720	1	3
1293313347383894016	0	
1277547692303036416	0	
1292465666247651328	1	0
1292203052049604609	1	3
1292620665854537728	1	0
1289756575054221313	1	0
1292268260344307712	1	3
1292257614710145025	1	0
1293093075384963078	0	
1281434582815039488	0	
1293259105096929283	0	
1291728521895780352	0	
1292665515303931909	1	0
1293253060668592142	1	0
1293277451515244550	1	3
1288321590631911424	0	
1292964063954317312	1	3
1276442013571956736	0	
1292647425279234048	1	0
1293338198236635136	1	0
1292025876499107840	0	
1292864759285649412	0	
1293304221635211264	0	
1293306111408447494	1	0
1291760058062315521	0	
1279128387609559042	0	
1291834788907802626	0	
1292589988975185920	0	
1293345903156355072	0	
1293208396821409792	0	
1292188090803552257	0	
1292967571772157952	0	
1293201334653652993	1	0
1293286540815163392	0	
1293365546566782976	0	
1293181508929421312	0	
1293233143974174723	0	
1280480578136166400	1	0
1290500446163857409	0	
1292904576539123712	1	3
1293196292391424000	1	2
1292235762407071744	1	3
1293268060883886080	0	
1276103047106748417	0	
1292762839262756864	0	
1289172966169706496	0	
1291826526099582976	0	
1279082982826020870	0	
1293324191349932032	1	0
1293277010542895107	0	
1292227181112852480	1	3
1292698052910657536	1	0
1293208908027310092	0	
1292364840560926720	0	
1292215621728571394	1	3
1293167886790516737	0	
1292678285562802176	0	
1289161623022665728	0	
1293075666670419968	0	
1293320277699497986	1	3
1293125008110178305	0	
1283061757234352129	0	
1293293716250255367	1	3
1293090542738448385	0	
1285288667754504192	0	
1282329701789380613	0	
1283757981432242177	1	3
1293091114124079111	1	0
1293088240434655232	1	0
1280585388541829121	0	
1277313234874359816	1	0
1293320989925937157	1	3
1280407032621862912	0	
1292212098852937728	1	3
1293356697143123968	0	
1285269607222321153	0	
1291793944787943425	0	
1292654024328503296	1	0
1293213857284943873	1	3
1293315206949601280	0	
1276109581098328064	0	
1291435071182974978	1	3
1275975749070204928	0	
1293155440944123905	0	
1293208582620577793	1	0
1276573862134677504	0	
1289359768117600256	0	
1293321493644967940	0	
1286338282834530306	0	
1293301476975169537	1	3
1293363800553463808	1	0
1292215803346145281	0	
1293200429371789312	0	
1292643531232862209	1	3
1287847674839007241	0	
1293333413311787008	1	3
1293283371569864707	0	
1291469023020974080	0	
1292874517120004101	0	
1292632415597465606	0	
1293015860865638406	1	0
1293303291342811138	1	3
1277580121415835650	0	
1287788534062034944	1	0
1293269620045086721	1	3
1292491042013552640	1	0
1277561586962628608	0	
1292168767259082752	1	0
1293183380834508800	0	
1293185335325671435	1	0
1293346359370752001	0	
1278026097133789191	0	
1293312932839751682	1	3
1293052368167350272	1	0
1293147406452891648	1	0
1275862967184175104	0	
1293169971351162880	1	3
1292213578142027776	1	3
1293274095031848963	1	3
1291524784744837120	1	0
1293302077574098944	1	3
1293198163965140992	1	0
1293310987584462848	0	
1293208228013187073	0	
1281114353576656896	0	
1293347386530713601	1	0
1290739732301983745	0	
1292238314767097857	1	3
1275819329032880131	0	
1293291468996698112	0	
1292992284393431040	0	
1293199692168220672	0	
1293137331235553280	1	3
1293320451167604736	1	3
1292863726983491584	1	0
1292644007139512320	0	
1292994577075494918	1	0
1280846257389555714	0	
1292521124790710272	1	0
1292211882066153472	1	2
1292223007859994624	1	0
1293250340188565505	1	3
1292493936741830656	1	0
1288586068971917313	0	
1292723475367571457	0	
1293148564923842562	1	3
1293373176823648257	1	3
1288006140765171717	0	
1278672421143314434	0	
1293315225622589441	1	0
1292199199526846464	1	3
1293370050930520066	1	3
1292882216024977408	1	0
1293041066942365696	1	0
1293346296099508224	1	0
1285405471877132288	1	0
1292408204157161472	0	
1293161748392968192	0	
1292379131162898433	0	
1293314313390895110	1	2
1280866044672950272	0	
1292225600632115200	1	0
1284261737483702274	1	0
1293066164118183937	0	
1278340551100772353	0	
1292491819931111424	1	2
1292478753352724480	1	0
1293292707264290824	1	0
1280478424512020485	0	
1291448942358667265	1	0
1292548399959605250	1	3
1281651554617966592	0	
1288548369602732033	1	0
1292176920612929537	0	
1293204799719178240	1	3
1292589390607396865	1	3
1293248408967356416	0	
1293093314330275842	0	
1293289109625212931	1	3
1293276498217046019	1	0
1293365012883476480	1	3
1292350122806792193	1	3
1293056175961972736	1	0
1292904535304871937	1	0
1292561906516066304	1	3
1278686170923352066	1	0
1277995252121559053	0	
1292904881943130114	1	0
1293253097272246272	1	3
1290503620358598657	0	
1293174069249048576	0	
1281339298298703874	1	0
1291368449759830018	0	
1292203551574425601	1	3
1291102392734408705	0	
1278084720740401152	0	
1283533343401926656	0	
1293213203359346688	0	
1292158309244579841	1	0
1279627838442930177	0	
1293251118806573056	1	0
1293323164366311424	1	0
1293244822652956673	0	
1293279804758937600	0	
1292924514100301824	1	3
1277615249605234688	0	
1278030257983942656	1	0
1291479128869404672	1	0
1293305153450254336	0	
1293286787809386496	1	0
1293342449562202112	0	
1293090066374500352	1	3
1279199584451989504	1	0
1280034285655752705	0	
1278270746658328580	0	
1292230622971387904	1	3
1292568863721365504	1	3
1290369948611760134	0	
1292418190975414272	1	0
1277653669996101639	0	
1278544490790359041	1	3
1293210918126383106	0	
1293211807436292099	0	
1292424249118994432	1	0
1293182268316540928	0	
1281186968324505601	0	
1292387714415726592	0	
1292495045736759297	1	0
1293094308980154368	0	
1278092427128160271	0	
1293204439776391170	0	
1292159121702223878	1	3
1293336794646417410	0	
1292425162328088582	1	3
1284617429180612609	0	
1293231570342436864	0	
1293261158800072705	1	3
1293227480157913090	1	3
1276141239692406785	0	
1290402868780871681	0	
1293191074761060353	0	
1293345228158640129	0	
1292182912117465093	1	0
1293228479274790916	0	
1293289612371165186	1	2
1293185403634061316	0	
1293240435834384384	0	
1292483866993795072	1	0
1292588422146797570	0	
1292806078808416258	0	
1292488980273954816	1	0
1278688983900356608	0	
1278700151582965760	0	
1293225493827903489	0	
1292277249496948736	0	
1281861366018650113	0	
1293363640695951371	1	0
1291170827522768898	1	3
1277716979348996097	1	0
1275778735321612288	0	
1291039813672620032	0	
1281988051749597184	0	
1293221036398448642	0	
1275832939008458752	0	
1281788630151856131	0	
1293301068416376833	0	
1293220333093183490	1	0
1293319729294249984	1	3
1292775716782854145	0	
1293326248203100162	0	
1292392626747056129	1	0
1293145557981175810	1	3
1293296655471529985	0	
1293352815138680832	0	
1280565141264728064	0	
1293372739428864000	0	
1292261264765452288	1	2
1292553889271685120	1	0
1293333222563225601	1	3
1293094003391504385	1	0
1293254490997628928	0	
1292473706279821312	0	
1276618971526152192	0	
1293137802939387905	0	
1284072955316768768	1	0
1279135959272038402	0	
1292706263525072896	1	0
1279067413481500674	0	
1291802560953802753	0	
1293099628343316481	1	0
1293243383213826048	0	
1292642954557956097	0	
1292848900324429828	0	
1292201485053440000	1	3
1285414825565343747	0	
1292979380566794240	1	3
1293224100471517185	0	
1293230294246592512	1	3
1293048525870239744	0	
1293202659852398599	0	
1291714450945433600	0	
1277094694347030528	0	
1293252226455162881	0	
1278970890429050882	0	
1292361754320740352	1	3
1293202073404633089	0	
1293310715063934984	1	0
1281330900555509761	0	
1292227041497157634	0	
1283708765813039106	1	0
1285863978044981248	0	
1291391327356293125	0	
1282234856030822400	1	0
1293186127747145729	1	0
1293098267509579777	0	
1292999612123545602	1	0
1293207816233197569	1	0
1293109902383001601	0	
1276115048822382595	0	
1292532529812123650	1	3
1293175347832389634	0	
1277873241596493824	0	
1292521830218170371	1	0
1278780482574970880	0	
1293181625048522755	1	3
1282301114881318914	0	
1293306217255903232	0	
1293366521247539200	1	2
1293230614024511491	1	3
1293184202158911489	0	
1277920062486261760	0	
1293305996958367744	0	
1292424622659571712	0	
1292420923400822784	0	
1285356060455378944	0	
1280312304647749632	0	
1275716590848352263	0	
1293222081275068417	1	0
1293237009520242688	0	
1290573815945338880	0	
1293270967670644736	0	
1290692092721876993	0	
1293188496014729218	0	
1293260682205560833	0	
1293084607760474112	1	0
1293336408032194563	0	
1283166544965570561	0	
1285995197399273473	1	0
1293347869382991873	1	0
1293282193331171328	0	
1284966801919619072	0	
1293145264253997063	0	
1293333231790481408	0	
1293316628218773509	1	0
1293013356534730752	1	0
1293281957380599811	1	3
1293255812253704194	1	3
1292175953435725824	1	0
1276452984101076992	0	
1292526420682518528	1	3
1293212449710264320	1	3
1293100429375676416	1	0
1293241301023031296	0	
1289933693016915971	1	3
1275817792730783745	0	
1293266309921341443	0	
1281092990002319360	1	0
1293257506957950977	1	0
1293292613064417282	0	
1292849050539237381	1	3
1293217816297050112	1	3
1292292265294073856	1	0
1293170298787946502	0	
1293169136777003014	0	
1293095021865046017	1	0
1283412091517444098	0	
1293174860282097664	1	3
1293256950164205568	0	
1292516658330898434	1	3
1293345015679209472	0	
1293328143290232833	1	3
1292872389391417344	0	
1277622134735540224	1	0
1287604589173149696	0	
1293076583121432576	0	
1292995386848587776	1	0
1293273589286871043	1	0
1293347338266669057	0	
1293308377628643329	0	
1293278099136749568	0	
1286463664493600769	1	0
1279475282425057280	1	0
1289885876101582855	1	0
1292516600650903552	0	
1292159336307925001	1	0
1278799951653482496	0	
1293311595901149184	0	
1292462196081848321	1	1
1293162668594016263	1	3
1293270993834782720	0	
1292542108801343489	1	0
1292121315906695176	1	3
1293312434652971011	1	3
1293121946394206208	0	
1284565537775853570	0	
1293224562683981827	1	0
1292791616265166848	1	0
1277671142468325376	0	
1287087797585641475	1	0
1292234964621238275	1	0
1283023264042885120	0	
1293191245381038080	1	0
1289700973053714437	1	0
1284189405964644352	1	0
1292506366918168576	0	
1293236879010279434	0	
1276620514711072769	0	
1292443299228217349	1	3
1277502817662578689	0	
1293128097831804928	0	
1293187472134770688	1	2
1293368297375883265	1	1
1293200983099506689	1	3
1292922631847587848	1	0
1293348266898227200	0	
1292680386485448704	1	0
1292863788979499008	0	
1293276752257589248	0	
1292850374773108736	0	
1289577592350289923	1	0
1293244994774536193	1	2
1292494696418287617	1	3
1275821709640323075	0	
1278142570334490625	1	3
1292892024237101061	1	0
1291584169009721345	1	0
1276080276448464896	0	
1293368497112842240	1	3
1291051680193220608	0	
1292943441803059200	0	
1293364921229553664	0	
1292227944568500239	1	3
1293342689505705985	0	
1292192932452356107	0	
1292525330570371073	1	0
1292975855736479744	1	0
1293082166025363457	0	
1293157027120906241	1	3
1275724974129647621	0	
1293340282864447489	1	3
1280668648173178880	1	3
1293213024514224128	1	0
1276144976511016960	1	0
1289087635512684545	1	0
1292640766377037824	1	0
1292328663762042880	1	0
1293322908446720001	0	
1292481920358592514	1	0
1292683523233427456	1	0
1293209300463124483	0	
1276105517128134657	0	
1292784265638416384	0	
1280408431267139585	0	
1293287100851183617	1	0
1293075083573907457	1	0
1292624620663775232	1	0
1292395982450233346	0	
1292481685603454978	1	0
1284502127079915520	0	
1293316867382112256	1	0
1293273610925289476	1	0
1292921456087752705	1	0
1278983761829466114	0	
1292719981210329090	0	
1292165482624233481	1	0
1293139366861090817	1	3
1288319562715246592	0	
1289387088706641920	0	
1293277530934448134	0	
1276132550633635840	0	
1293260407134658567	0	
1293365953703575553	0	
1276511281512624129	0	
1293133065519280129	0	
1293240201519616000	0	
1278688331929354241	1	3
1280599104415043586	0	
1293213519077408768	1	2
1293159341416226816	0	
1291188239731171329	0	
1292300046201954304	1	0
1276102488601616391	0	
1292988936072171522	0	
1292555153917333507	1	2
1285628994201833474	0	
1278346657315373056	0	
1283491923555221513	1	0
1292426423412506626	0	
1292572617723883520	1	0
1293203295654141953	0	
1293303204990586882	1	3
1278385143137341441	0	
1291503290035982336	1	0
1292222047901425664	0	
1291508052156448771	0	
1285317161100234758	0	
1287017783797207041	1	0
1293357738416799745	0	
1293172809884106754	0	
1292176071480078337	1	0
1293168832929042432	0	
1293374031626940416	0	
1293176868615659521	0	
1293183638507368448	1	3
1293259785534464002	0	
1284485240761843719	0	
1292522454280175616	0	
1293212946974347264	0	
1280582815248195590	0	
1277901956204421121	0	
1293217130775814146	0	
1293137431974346752	1	0
1293288801620484096	0	
1292291444892471296	1	0
1293282097524813825	0	
1292223665061470208	0	
1292979992289148929	0	
1293150783891013637	1	0
1292863476822675462	0	
1277968553270865921	0	
1292233711375855617	0	
1293327717501480965	1	2
1292124331561103360	1	0
1293314766132436993	1	2
1286370898707128330	0	
1293173567870435329	0	
1283921464551526401	0	
1288211180566216705	1	0
1280793980553265152	0	
1293269344605143040	0	
1293168538828537856	0	
1292479666310254592	1	3
1290127382565621760	0	
1293355989261881344	0	
1292485700974239746	1	0
1293193919082225664	0	
1292802064506974208	0	
1276115892057800704	0	
1286205974278103040	0	
1276458416253222915	0	
1293250324245942273	0	
1293134220991201281	1	0
1293162441698836486	0	
1293203990528823296	1	0
1293165097540554753	0	
1292210956861345792	1	0
1292488123595788288	0	
1293211207491555328	0	
1293279984933462022	0	
1293230819985829888	0	
1291432689296449537	1	3
1293286397189685249	1	0
1293167534657744896	0	
1293093545612632064	1	0
1292834390817624064	0	
1280486083642392578	0	
1280505328589824005	0	
1293170310552879105	0	
1280567361385328640	0	
1279847324592848896	0	
1293326171342548993	0	
1293175113173663750	1	0
1286588795895164928	1	0
1292228044304846850	1	3
1277098647973515265	1	0
1293355210270810112	0	
1293280054596706304	0	
1278773918376103937	0	
1290562225837469696	0	
1276117173782679552	0	
1279422348102373380	0	
1292747373618372608	1	0
1276451402663882755	1	0
1293201593072902144	0	
1288082279013781505	1	0
1292437617926119428	0	
1282520693037395969	0	
1279339902321201152	0	
1293024804229046283	0	
1293233402963992577	0	
1293145606236647425	0	
1292637835263184898	0	
1293252087707467776	0	
1293282345651511297	0	
1293119139972874240	0	
1292986127851425794	1	0
1278416175752413185	1	0
1293327035176112128	1	3
1292766194257334273	0	
1290986890984816640	0	
1293293670217781249	1	0
1293190013937758208	0	
1293155203894607873	0	
1293155007735496708	0	
1293018514165440513	1	0
1293263635452583937	0	
1293281693269471234	0	
1293175874091716608	0	
1293323984214212610	0	
1280407644428054528	1	0
1293181443338899456	0	
1293188344709443584	0	
1293209305194401799	0	
1293294175916564487	0	
1293250297666711553	0	
1293367133083115520	0	
1293325304098746371	0	
1277743995091738624	0	
1291429493991706624	0	
1287823901519618048	1	0
1293207182889095169	0	
1276994179965517830	0	
1292184563045658627	1	0
1288929544112443393	1	0
1293251604053815297	0	
1278415083597697025	0	
1280599068184641541	0	
1277372650935984134	0	
1292558967030329351	1	0
1293230464262709248	1	2
1288329619465220097	1	0
1293291715038773250	0	
1293252810960642048	0	
1293283607289552899	0	
1292481369935937537	0	
1293154442502701057	0	
1292621273592401920	1	0
1286729552065110017	0	
1293208904508166144	0	
1293162197477138432	0	
1292905905328214023	1	0
1292582319094726656	0	
1283666193602117632	0	
1284065555616608260	1	0
1292348902885097472	1	0
1290983083991339008	0	
1283177066733670404	0	
1293121043498971136	0	
1275948769088077826	0	
1292602988096294912	1	0
1285770111106809861	0	
1292263203850850312	1	0
1293195211238244355	0	
1281619296444194821	0	
1292535928808857600	1	3
1292621319993925632	0	
1293213154462306304	0	
1280542970962423809	0	
1284700942324178944	0	
1293339874024665088	1	0
1293344641484554242	1	0
1291565392146468873	0	
1278596750819962881	0	
1292579867599536129	1	0
1293362828666114048	1	0
1293291198086602763	0	
1284556864697638912	0	
1293316612343377921	0	
1277541493528461312	0	
1285418655191306240	0	
1293242925846077442	0	
1293195962081476608	0	
1285280408666546178	0	
1293279585451245573	1	0
1279918264878092290	1	0
1279667628068368384	1	0
1291859825861722112	0	
1293160902309617669	0	
1292212836706455553	1	0
1287443612708610050	0	
1292347952539799552	0	
1292810651556028419	0	
1293267626433613824	0	
1293310277098901518	0	
1293153950565359618	0	
1280798195057143808	0	
1293211470608699396	0	
1292260681367072768	1	3
1291714811873697798	0	
1293272591465975808	0	
1276509023404281858	0	
1293326046184562691	1	0
1292803857303601152	0	
1276510082184945670	0	
1292176823607005190	0	
1282077670256390145	0	
1293309620195405831	1	0
1291022945863839744	0	
1293246612354064385	0	
1293291844202307585	0	
1293110436028715009	0	
1293104161043644417	0	
1292269135347539969	0	
1292215011188908033	1	0
1282803210189705217	0	
1292289375884029952	0	
1292092762209374209	0	
1277672819011313665	0	
1279080237662384128	0	
1285591786904342529	0	
1280493030156402688	0	
1292790396859363331	0	
1275731404417089537	0	
1293366561042911233	1	0
1292247104782585862	1	0
1293321253030432768	1	3
1280580598294179845	0	
1293180724112048128	0	
1293296045401583616	0	
1293191354604875777	0	
1293033074196983809	1	0
1293186530614235137	0	
1292885372242923521	1	3
1293152132556820480	1	0
1293245736407236609	0	
1284372827412426752	0	
1285517945477779456	0	
1292596415475134464	1	0
1293371636952051717	0	
1293169786122375168	0	
1293051236351172608	0	
1277202010308333569	0	
1292457263664369665	1	0
1293328605217320961	0	
1293219256239259650	0	
1278035590190112770	1	0
1293160798777495553	0	
1292813139428311046	1	0
1277602493799837697	0	
1293339942098092032	0	
1278388953813524482	1	0
1292834572976164864	1	0
1293363303347961858	1	0
1292552175483105280	1	0
1293150638323507202	1	0
1293291076623761415	0	
1292903300271149056	0	
1293360782072135681	1	0
1292227190399139840	0	
1292215163974832135	1	0
1277865754206101505	0	
1293322251324948480	0	
1280585757523148808	1	2
1293111066466148352	0	
1293267781274591232	0	
1293346433337155584	1	0
1293365313241845762	0	
1293048114216083459	0	
1293174323163922434	0	
1292254549122719744	1	0
1293294187010457607	0	
1290211391937314816	0	
1293093558988296192	0	
1293204204413214730	0	
1292693784656936961	0	
1293320813026988033	0	
1293203160182530048	0	
1275799285540454401	0	
1292226736541831170	0	
1293344320452427777	0	
1284042855107883008	1	0
1292910022058373120	1	0
1293332761546301441	0	
1288366552903847936	1	3
1293364012068020224	0	
1292311431187226624	0	
1293320558235582464	0	
1293238595826749441	0	
1293231997180149760	1	0
1280093703617511424	0	
1293333202648662017	0	
1293358895226736640	0	
1293300788412981250	1	0
1293323230619418625	1	0
1293324340973449217	0	
1293264622141800448	0	
1284196490127310851	0	
1293273657079455744	0	
1278030182327058432	1	0
1293166879465287684	0	
1277519486145507328	0	
1293276203474976768	0	
1279237348065071106	0	
1281245842750558210	1	0
1293159278329630722	0	
1293292691049066496	1	0
1292620610267312128	1	0
1293315998003728384	0	
1277779049708785664	1	0
1292176943572492288	0	
1278752999687385088	1	0
1293228900408008710	0	
1293261952295239682	0	
1285643378609266689	0	
1278037833241038849	0	
1285965269559578625	0	
1292942968710737920	0	
1292302972114759680	1	0
1293232472482873344	1	3
1288261304407515143	1	0
1277936063521177600	0	
1293240924265484288	1	0
1285849521809915904	0	
1293294188302409729	0	
1277200470864519169	1	0
1292869174642057218	0	
1293118217569869830	0	
1293289998922522624	0	
1293275597557424130	0	
1293219278116859906	0	
1293296724878880768	0	
1292636215578157061	1	0
1293200500083396608	0	
1276733997557702657	1	0
1293075225366716422	0	
1292636597222092800	0	
1292274633060876288	1	0
1293358317033541632	0	
1287894596769505287	0	
1292974078572331009	0	
1292555753572700161	0	
1293260748978819072	0	
1293088756040441858	0	
1293308687445106688	1	0
1277712977345384448	1	0
1293215721221169152	0	
1288525325392060419	0	
1292204573793361929	0	
1281324282694504450	1	1
1292921597020561408	0	
1293228597197537287	0	
1293335942015733760	0	
1292493259516895233	1	0
1292121558954237953	0	
1280766046962581504	1	3
1293148698013323264	0	
1278557591438856192	0	
1292766581588541442	1	0
1281153144546885633	0	
1290675548721762306	0	
1281921181562494977	0	
1293281486301532164	0	
1293253449589678080	0	
1293257077440356353	0	
1291427026688065536	0	
1293241551162875906	0	
1275881894803054592	1	0
1283798013799026690	0	
1293299938043060225	0	
1291343009942892544	0	
1293152550213038082	0	
1291661163290402822	0	
1292547074421067782	1	0
1292658322030694401	0	
1283618620808077312	1	0
1283451460370477059	1	0
1293230069557735427	0	
1277672470116532232	0	
1293219322819686405	0	
1293225671058051072	0	
1280518404206714881	0	
1293144250733993984	0	
1283252280507203587	1	0
1292868568816791552	1	0
1277652038361505801	1	0
1292400747930439683	0	
1280057067638796288	1	0
1286942482517774337	1	1
1293276428910432256	0	
1293112532924760064	0	
1278371605819858944	0	
1282708196138909696	1	0
1292264453463879680	0	
1293321324350365698	1	3
1293200942326788096	0	
1279128102791270402	0	
1293166580663279616	0	
1277622722567254023	1	0
1293189522788950017	0	
1293068111265103872	0	
1292408924323356673	0	
1288510645344841730	0	
1277656108207935490	0	
1276539582985703424	0	
1293231636109307909	0	
1293296083377037312	0	
1292803286580559872	0	
1292931991021727744	1	0
1293339116956839936	0	
1281518780577976321	0	
1293279317649248256	0	
1293109215351848960	0	
1293156072400678912	1	0
1292839577179377673	0	
1292334366853664768	0	
1277539241279590400	1	0
1292919001698439174	1	0
1293007040944668673	0	
1283797018159153152	0	
1293066832543223808	0	
1289958619073507329	0	
1278611246292574209	0	
1290798317841129474	0	
1293242936914657280	0	
1293151429155270660	0	
1293304883261603842	0	
1293336620746199040	0	
1293336779009994752	1	0
1292745207721496577	0	
1293273439663521796	0	
1293160719144419328	0	
1293188728203153411	0	
1292247013099048960	0	
1293349350291263488	0	
1292907824251572224	0	
1293249382117081088	1	3
1292205073330823168	0	
1292811354919915521	0	
1293372776871534593	0	
1292693130588848128	1	0
1293346554196176897	0	
1292990166106124288	0	
1275762494586474497	1	0
1292236722869338112	0	
1276298850194477056	0	
1287497288861003777	1	0
1292211306720894977	1	0
1292791910235545600	1	0
1293272860107190273	0	
1288831662923501568	0	
1292440459399372801	0	
1292543009662345226	0	
1278055153417977860	0	
1293240067981545473	0	
1284698076972638209	0	
1289419894421745665	0	
1292848278892142593	0	
1293125253867003904	0	
1292413515240738817	0	
1293296172287721472	0	
1291759221734805504	0	
1293156680620965889	0	
1292871903380738050	0	
1286142322644627458	1	0
1293177094839697408	0	
1293350232344821760	1	0
1292293879979483139	0	
1293319318252466176	1	1
1292713016098684928	1	1
1284561976224514048	0	
1292283238702968832	1	0
1289340731111301121	1	0
1291738546714312712	0	
1284225174154481664	0	
1293302848336404485	0	
1293309438070161408	1	2
1293320234904870913	1	0
1279325057882492929	0	
1292508503408599040	1	0
1276624436431597575	0	
1293226894326935553	0	
1290676446483099648	0	
1291674517413285888	0	
1293177665852039168	0	
1292519522587598849	1	0
1293265702565154817	0	
1292570414263279616	1	0
1276188031536463873	0	
1293186346945671170	0	
1293311661613383682	0	
1280025080081321985	0	
1292763837150756864	0	
1280590359442059264	0	
1293204969924055045	1	0
1280094054961815552	0	
1292881074528366593	0	
1293306416376119301	0	
1292773466538741760	0	
1283798440691015680	1	0
1292925011796295690	1	3
1287065688834805761	0	
1293333379891560448	0	
1292799433625632774	0	
1293263807800909827	0	
1290715638554677248	0	
1292507197683798016	1	3
1293359221090787329	0	
1292948433498591234	1	0
1292675890225090564	1	0
1277541982773161984	0	
1293206516737044483	1	3
1293238785715720192	0	
1293314958797803521	0	
1292456142296305664	1	0
1278347552203694081	0	
1292914275049254913	1	0
1293362774593200129	1	0
1293254979457867781	0	
1292518022335418371	1	0
1293300462704136192	0	
1293218432117284865	0	
1292403909605064705	1	0
1292395933657976832	0	
1290594293841899520	0	
1279536008837640194	0	
1290995066752958466	0	
1292296349447323650	0	
1293352279886761984	1	3
1293000782518853634	0	
1292492099766464512	0	
1284246109095784448	0	
1292819397422325763	0	
1293200338548174850	1	2
1283922542940557312	1	3
1292974925406507008	1	3
1293185142295429121	1	3
1292543219805413377	1	3
1279044361137897472	0	
1292830182676615171	1	0
1290789183100014593	0	
1292359948957974529	1	2
1293119932398473216	0	
1287787962462285826	0	
1278535208703266816	0	
1288945766635982848	1	0
1292925143598104584	1	1
1293254898784534535	1	3
1292873962595053568	1	0
1292920023690944513	1	0
1293154589164756992	0	
1285287517747662850	0	
1293347698993594368	1	0
1288321013889957889	0	
1293303668553351168	0	
1285889418000310272	1	0
1292795223643389952	1	3
1292237752713584642	1	3
1277094980977377280	0	
1293242885526056960	1	0
1277905466471874560	0	
1292247269404626944	1	3
1292575195199410177	1	3
1292197193475076096	1	3
1293148016543752192	0	
1292456693360713730	1	0
1292236396808241155	1	3
1292983684648370176	1	3
1276061631571734528	0	
1293365701944782848	0	
1293321917856747525	1	2
1292581671108108288	0	
1292943127234453505	1	3
1293285522706706437	1	3
1292509188183281665	1	0
1292948722159104001	1	3
1293323084808716290	1	2
1277617196374593538	0	
1280513387886194691	0	
1281236163697668097	0	
1293137379893473280	1	0
1279238860426416128	1	3
1291880112414167041	1	3
1278908634441883654	0	
1288479230213357569	1	3
1293120273248481280	1	0
1280844163542638592	0	
1293252505665708035	0	
1280114494254055426	0	
1292467940261081089	0	
1277541709698793473	0	
1293041840535375873	0	
1292487022590877696	0	
1290331400806244352	1	3
1293308097168121866	1	3
1293179116297105410	0	
1291375052060004355	0	
1293260280521207809	1	3
1293322504279404547	1	2
1293145536631934982	0	
1293304203226439680	1	0
1280465267869581312	0	
1293156386575208450	0	
1277954576918945797	0	
1280584364456316929	1	3
1293164872813944832	1	3
1282053750476009472	0	
1292535285373337601	1	3
1293189709284270081	0	
1292212478307442689	0	
1293218782601773056	0	
1293375338806902784	1	2
1293254072552894467	1	3
1292399345820676097	0	
1293026016911396870	0	
1279131558901940226	1	3
1293121091985055745	1	0
1292824174772314114	1	0
1293296276579262465	1	2
1293149289796042752	0	
1277754755083722752	1	0
1279483544771932160	0	
1293285127523639297	1	3
1293276731168653315	0	
1293310543588200448	1	3
1292792562009305088	1	3
1279336670886756352	0	
1292873012665036801	0	
1293245921082445824	0	
1280969693654913027	0	
1293132870836465664	0	
1292187350978777092	1	3
1293249841255124993	1	0
1276100323220824064	0	
1277086809558618112	0	
1293245518651502592	1	3
1291733919092674561	0	
1292435006351192065	1	3
1293263780084879360	0	
1292584541014511616	1	0
1293243657559117824	1	3
1293245890136875008	0	
1293246020034473991	1	0
1276043465000988672	0	
1292491466065850369	0	
1293095043671248896	1	0
1292248958463606786	1	3
1292523312753577984	1	0
1293315236162875392	1	1
1293322817186996224	1	2
1293047688540254208	0	
1293328113397575681	0	
1279830888294109188	0	
1290733183802245124	0	
1292587718816530432	0	
1293360494728937472	1	3
1292848532794351616	0	
1293224185498460160	0	
1293267705529761794	1	3
1293300063528198149	0	
1292648794958360576	1	3
1282524737823019009	0	
1278031792394600449	0	
1293326880653762560	0	
1285373534127165441	0	
1292917560833277952	1	0
1293250106356097028	1	2
1293156355553910786	0	
1293198527175307265	0	
1291453020832579584	0	
1284099230240514049	0	
1289707880589844482	1	0
1284158362867859457	1	3
1281538734035533824	0	
1287613599628722176	0	
1280883410089791489	0	
1293094185898110976	1	2
1291767200597123072	0	
1292466830909603841	1	2
1278529506148409345	0	
1293242197073068033	1	0
1293347796494553088	0	
1293336423668551680	0	
1293295377358172162	1	3
1285190749739536384	0	
1292580730745294852	0	
1279087122134315008	0	
1293352648444346368	1	0
1293192876608729088	1	3
1293325489801592832	1	0
1292548978098294787	1	3
1293244031426674688	1	0
1292757681032384515	0	
1279099014965858305	1	3
1292846924064841731	1	3
1293318980078383105	1	3
1293314602227228672	1	0
1290347991770042368	1	3
1293226798537293824	1	3
1292995532953182208	1	3
1279724241479520257	0	
1290626220128960512	0	
1292902050636890112	1	3
1293322144454082560	1	0
1290818429545582592	0	
1292217693974798336	1	3
1293140455627128834	0	
1293321453102866432	1	0
1292272582612451328	1	0
1292999022454734848	0	
1292250800018817024	1	3
1288576958448771075	1	0
1279086938847432705	0	
1293363337586266114	0	
1277602909048451072	0	
1293009844824412160	1	3
1293228828584816642	1	3
1293273628096765953	1	0
1277632544813592578	0	
1293369525728092160	1	1
1293286777864753153	1	1
1292886847962611715	1	0
1292977929484251137	0	
1291251501663268865	0	
1286724423291207680	0	
1276387278214934528	1	3
1280586637798449153	1	2
1276113178808782851	0	
1293123358171656192	1	3
1293342664147050496	1	0
1293246525640970240	1	2
1275780134105202688	0	
1293333948634816512	1	0
1292836814026190848	1	2
1293166914932559873	1	3
1292459233867378695	1	3
1292224074329055233	0	
1293023343306838017	1	0
1293125862712152070	1	0
1293202186495766529	0	
1293273507900665857	0	
1278325829936832512	1	0
1290851008482914305	0	
1275725922344321027	0	
1284241463971209216	0	
1292881841565896707	1	3
1293289855661809664	0	
1293325336629972992	1	3
1293193785719963648	1	3
1292897382900928517	1	0
1276996296684036097	0	
1293061561226014720	1	0
1292827916401811456	0	
1275804849637068801	0	
1292902563218677760	0	
1293169483306147841	1	3
1292424653806407680	0	
1292211881399259136	1	3
1293299194950754309	0	
1293114552951939072	0	
1284430484341231616	1	2
1292310323991437312	1	3
1292202413869412359	0	
1293307894926962691	1	3
1293191550479093760	1	3
1293176348907843584	1	2
1292682261880438785	0	
1293234882768801792	0	
1282709381709258755	0	
1293286277735780352	0	
1292591686107922433	0	
1293247530092785664	0	
1292489805222166528	1	0
1277031677282471936	0	
1293245674344058880	0	
1292230330506780672	1	3
1292437473520488448	0	
1275780371699978240	0	
1293262503607177218	1	2
1276148638679523333	0	
1277618339901083648	0	
1292340739809128450	1	3
1292744053956771840	1	3
1293265543412232193	1	0
1276442522533998593	0	
1292851395750760455	0	
1278301278746091522	0	
1293355460561530882	1	2
1280568232701841408	0	
1283487688490913792	0	
1292732245598523392	0	
1292745162217664513	0	
1278757373490987010	0	
1292267084144156672	0	
1292261065267404800	1	0
1293240303676280840	1	3
1292227608281849858	0	
1292659033183268865	1	3
1279081935235698688	0	
1293226356873011200	1	0
1291067557127086080	0	
1286369093323456521	0	
1292104350739963904	1	3
1292815816489041920	1	0
1293204176927948804	0	
1283481014292172800	0	
1277087204662079488	0	
1293210758545920000	0	
1293334377938722816	1	2
1292223210994446338	1	3
1293170803987697664	1	3
1293291043190910977	1	3
1293225010711138308	1	0
1292205627742334979	0	
1292610875967365120	1	3
1293165282824015874	0	
1293305997495164928	0	
1293291723284787202	1	0
1292704358438768640	1	3
1286464643171483650	1	3
1292791124055252992	0	
1289896511766065152	0	
1275797320135827456	0	
1293152654198214657	1	2
1293275939221262336	1	3
1279886151848005632	0	
1293054451607986182	0	
1293302550855393280	1	0
1281552767694319616	0	
1292314639544410112	1	3
1293297148541521922	1	3
1292536739580588034	1	0
1292209292641284097	0	
1293128679963361280	0	
1293296693258129419	1	3
1281507736082161665	0	
1293179193014935553	1	3
1292805241847468033	0	
1291469396607733760	0	
1293169919794831361	0	
1293320171164237826	0	
1292748106077999105	0	
1292394808993091584	1	3
1275961938829209600	1	3
1279057075239292929	1	3
1288655158524534785	0	
1293157174823333889	1	0
1292999618251370497	0	
1292260085557854208	1	3
1278028280059346946	0	
1276676824479784962	1	3
1276522436213817345	1	0
1291690760463679488	0	
1292284409564016640	1	3
1292533136254009344	0	
1293216940622852096	0	
1293321736382033931	1	3
1292218051006537728	1	3
1278358191089291264	0	
1283090198209785856	0	
1293363279654531072	1	0
1293268020194881538	1	3
1285667424021381123	0	
1293259372043202560	1	3
1293034412704182273	1	0
1293260349416845312	1	2
1279099951969005569	0	
1293240008296615936	1	3
1293065387555172352	0	
1276084211389214720	0	
1293298385722761218	1	0
1293323238328729600	1	2
1293280199853907969	0	
1293253898476675072	0	
1292831183605309440	1	3
1292176064479768576	1	0
1293157856888446980	1	3
1292864366103023618	1	0
1293358834069757953	0	
1293106098744909825	1	3
1292163706697244672	1	3
1293203310216990721	0	
1293285589106806786	1	3
1293145953306841089	0	
1282975793853931520	0	
1277238316480552960	0	
1277754764378492929	0	
1282333009677557766	1	0
1293277260200448000	1	3
1283795737931907078	0	
1292297470366687232	0	
1293224505993834498	1	0
1293286127693070336	0	
1293243952045477890	1	3
1292578545898860545	0	
1287385849672478721	0	
1283368343949373440	1	1
1293151146220167169	1	3
1293295669285920768	1	2
1292222155883712512	1	3
1293195437843742724	0	
1288825312915132417	0	
1293339025848143873	0	
1279127028286005251	0	
1293284959243972608	0	
1293324574453628930	1	2
1293230811957719040	0	
1292869141855010816	0	
1278228657929097217	0	
1293231233158320139	1	3
1293256169344073730	1	3
1286007478371725314	1	3
1292719763735576576	1	0
1276539553789214722	1	0
1293143257153667072	0	
1292529898511372290	1	3
1292536512131796996	0	
1277619919165763584	0	
1292522870984368128	1	3
1280587926833938435	0	
1293283630937251841	0	
1292922088274239488	1	3
1293231632275714048	1	0
1292620623521484802	1	3
1293340910227460098	1	0
1293217927089606658	0	
1292648370075402241	0	
1293246446700027904	0	
1292535988741378050	1	0
1293073540632186881	0	
1293166324508753920	0	
1290050683316523014	1	3
1292803042245373956	0	
1281613154968109057	0	
1293270719778914305	1	3
1277758515206148097	0	
1278733320059265024	0	
1293314193186324482	1	0
1292499791327494146	1	0
1279775462139596800	0	
1292200147460534272	0	
1293267458099499010	1	3
1293326668803854337	1	3
1293175707380506628	1	3
1281297645525327872	0	
1293210379624030208	1	3
1283469451296419841	0	
1292284678062272512	1	3
1292881064399183878	1	3
1293323412304269312	1	2
1292872758561574913	1	3
1292503325339000834	1	0
1285880502386384898	0	
1280086510902095876	0	
1283828338189127686	0	
1293202408798117888	0	
1285277231980449792	0	
1288700725674082305	1	0
1293250005906620416	1	2
1293201773893767169	1	2
1293317182420586497	1	3
1293338265630711808	1	0
1293310235981918210	0	
1292259302091022336	0	
1292638377162883073	0	
1293027805501034496	1	0
1293174671542689799	0	
1287087868494721025	0	
1278044313939820549	0	
1291937944257925120	0	
1281984196504887297	0	
1292474968987639811	1	3
1292869362836176898	1	0
1278759657125937152	0	
1285282471353950215	0	
1280749266814763008	0	
1280475581621174273	0	
1293094344937877504	0	
1292023222045675520	0	
1276439457579913216	0	
1292203702502162432	1	3
1316618101111222272	0	
1316733019395366913	0	
1316014639780524032	0	
1316466422504198147	0	
1316851150461767680	1	2
1316578304196071431	0	
1316596948095434752	1	2
1316795640597409793	0	
1316771589560700928	0	
1316773387495075848	0	
1316422058188976128	0	
1316086838382166017	1	0
1316722274477711366	1	1
1316943698727493632	0	
1316774659845697538	1	2
1316384706703822849	0	
1316353856742330370	0	
1316556900767498240	0	
1316531306835173377	0	
1315979759403368449	0	
1316423535674429440	0	
1316576165075787776	0	
1316918690714210304	1	2
1316724697342541826	1	3
1316048024427167758	0	
1316616069428117505	0	
1316435571145945088	0	
1316771939130707976	0	
1316057281629478918	0	
1316032237364678656	1	2
1316807717995130880	0	
1316317683785306112	0	
1316139541649076224	1	3
1316488701317386240	0	
1316428015790948355	0	
1316925914056450054	0	
1314621545600483330	0	
1316419857127276549	0	
1315941683067056129	0	
1316692400849530880	0	
1316605014463459328	0	
1316494428345778176	1	3
1316806430889062402	0	
1316617708671180800	0	
1316358200334209026	0	
1316647899703521280	0	
1315661835312541700	0	
1316560537799458817	1	1
1316509085789908993	0	
1316522441196408832	1	3
1316091783961604101	0	
1316420207762649090	0	
1316404878906884097	0	
1315657432622796800	0	
1316438947007008769	1	2
1316065315969593344	1	2
1316725775907909634	0	
1315987724818472960	1	2
1316807706804727809	0	
1316455116082421766	0	
1316460577691185152	1	3
1316414036070879232	1	3
1316437614681944064	0	
1316744793226129410	0	
1316033406573084672	1	1
1315888119305039872	0	
1316807711703601155	0	
1316058201796771842	0	
1316741480627793922	0	
1316947587153481728	1	2
1315955264051392512	0	
1316433417811234821	0	
1316912366316146688	0	
1316823424509984769	0	
1316155901464649728	1	2
1316786985424609281	0	
1316918107697545218	0	
1316762634872651783	0	
1316552889091985411	1	3
1316439167451234306	0	
1316361059184320513	0	
1316617465804197889	0	
1316723249540214785	1	0
1316572014149349381	0	
1316074278736060417	0	
1316492064394223618	0	
1316142821821251587	1	2
1316924187391524866	0	
1315947750266200065	1	2
1316733672029118465	1	3
1316917834447028224	0	
1316293237083189249	0	
1316208015775760386	1	2
1315554248030072832	1	1
1316841286360498181	0	
1316917677080936451	0	
1316079796909113345	0	
1316431594589229058	0	
1316762730188156938	0	
1316472053478944768	1	0
1316110341907058688	1	2
1316499520243539973	1	3
1316766167457988608	1	2
1316613713957453824	0	
1316345811660308480	0	
1316458170928291842	0	
1316575287824572417	1	3
1316881214268125185	1	2
1316272710897541121	0	
1316804741331116034	1	2
1316742403634520065	0	
1316799938681098247	0	
1316400496735854592	0	
1316407064369995781	1	3
1316815020660002823	0	
1316762401895780353	0	
1316575202315296769	0	
1316924978072268800	1	2
1316278028729749505	1	1
1316637795985784833	0	
1316806174659031040	0	
1316424053415202822	0	
1316412210814517261	0	
1316055654327517184	1	2
1316017677098340352	0	
1316061827193864195	0	
1316735426883915777	0	
1316617182244081664	0	
1316363815764791296	0	
1316626398853787650	0	
1316358955069771776	0	
1316682021326872576	1	3
1316630714960543750	0	
1322775087104330000	0	
1322974185786780000	0	
1137888065308020000	1	1
702689151037084000	0	
1085219440965360000	1	1
1323053799636950000	0	
1323050537667990000	1	0
773196396157600000	0	
1301243354538300000	0	
1323009831784060000	1	0
1263501573411340000	1	2
1322979151339530000	0	
1322990934523560000	1	3
1323047345899130000	1	0
1322259717905910000	1	0
1322953348878840000	1	0
1323060467925810000	0	
1146475568139070000	0	
1322982266339960000	1	3
1322988070610840000	1	3
1268977649449350000	1	1
1322104825962770000	0	
1095635597715280000	1	1
1144468855655300000	1	3
1323022217739910000	0	
1277135736043680000	0	
971807953647997000	0	
1323114291571180000	1	3
1322963080079400000	0	
724673566193648000	0	
1322542813779780000	1	0
1321369221834680000	1	0
1323042016557670000	1	3
1147159237262550000	0	
1095551782250440000	1	1
1323047980870570000	1	0
1323054256182700000	1	0
1084178900861810000	1	1
1303417658625280000	1	1
1323082312494400000	1	2
1322925749674920000	1	3
1322908230612300000	1	3
777145220420993000	0	
1321893854572960000	1	0
1323036324560020000	0	
432424475804832000	1	3
1322840782399830000	1	0
1322983738226150000	0	
1095102571507680000	1	1
1321049557334040000	1	0
1322992533941690000	0	
1199820045846750000	0	
1323128829695640000	0	
1322930480027750000	1	0
1103384379886190000	0	
1323137924632700000	0	
1323069229978060000	1	3
738450282724655000	0	
1095130846338730000	0	
1251116941806310000	1	0
1323025517382050000	0	
1322142907340570000	1	0
716842464846414000	0	
1323000982016580000	0	
1323152829842970000	0	
1323086358383050000	1	0
1320795883089340000	0	
1322984457717090000	1	3
1323138533712930000	0	
1224852183063190000	1	1
1081125432433480000	1	1
1054273102258040000	1	2
1084223885883540000	1	1
1005889880789020000	0	
1322929226501310000	1	0
846199636222230000	0	
1323015269523050000	1	3
1323109665664690000	1	0
1322781598559940000	1	0
1323143010713010000	1	1
1322896862542700000	1	0
1323104755527250000	1	0
1118176101036110000	1	0
1323084447718270000	0	
1322867031486700000	0	
1095103868441190000	0	
1106901416784900000	0	
1323041445687650000	0	
1322997672630890000	0	
1323070926364110000	0	
1322997267037610000	0	
1311838145164590000	1	3
1322987134614210000	0	
1323010440968940000	0	
1322856549069590000	1	0
1322980405054710000	0	
1102782610273530000	0	
1321538755417820000	1	3
1321500128302300000	0	
1323026498236880000	0	
1289793756988760000	0	
813472846370325000	0	
1212848559713740000	1	1
1323021227708040000	1	0
714633135963709000	0	
1323067321531930000	0	
1323021883126670000	0	
1323097997345960000	1	3
1323099777412860000	1	1
1323084693756140000	1	3
738518914653622000	0	
1322929149728600000	1	3
1279588017515250000	1	1
1323012104727780000	0	
1323010862051900000	1	0
1182402383042640000	1	1
1322883731426700000	1	0
1098039397822260000	1	0
1323100329827730000	1	3
1322978789048180000	0	
1323112554730840000	1	3
1220394460175130000	0	
1323104569061040000	0	
1160771084846720000	1	0
1322292383875300000	0	
1321898385469790000	0	
298804219224400000	1	3
1323007604877110000	0	
1323102874583200000	1	3
136167567235621000	0	
1095036810751890000	0	
1322932528567730000	0	
1322982228364810000	0	
1322923714351190000	0	
1097900322993790000	0	
1318141407555630000	1	1
1322993826353610000	0	
1229402127405110000	0	
1323009182606400000	1	0
1322250076446700000	0	
1322235794120170000	0	
1321877014102580000	0	
1243320665274320000	0	
1322999921415460000	0	
1323032268693190000	0	
1322993616596440000	1	3
1274360122182160000	1	1
1323056593726890000	1	3
1321835092428410000	1	0
1323097829720480000	0	
1322698777011110000	1	0
1089355985318220000	1	1
1288041140952890000	1	1
1322600596424240000	1	0
1323139647090970000	0	
1323010527522520000	0	
713991363394736000	0	
1321763153584290000	1	0
1264607060341240000	0	
1322980756482860000	0	
1323034466990830000	0	
1323040397850020000	0	
765619448237658000	0	
1322994032298120000	0	
1323005320927630000	0	
1321596443484950000	1	0
1322595038665280000	0	
1095138326003310000	0	
1279069479595640000	0	
1318800473168770000	1	1
1125820036776590000	1	1
763894405740761000	0	
1322794313416380000	1	3
1322975305842230000	0	
1322999806814510000	0	
1323060784977580000	1	0
1322614330463080000	1	0
1323031707017240000	0	
568870554477990000	0	
1322973969671200000	1	3
1321916993151340000	1	0
1080212197480020000	1	2
1322936649613930000	1	0
1095551781822590000	1	1
1322728896077450000	1	0
1322995098980900000	0	
1170748087608010000	0	
1321426361328830000	0	
1322995000917980000	0	
468048081368674000	0	
1096592631495150000	0	
1322966846899980000	0	
1092177888583970000	1	1
1321132048556430000	0	
1161679873569640000	1	1
1078885325890620000	0	
1323041371595380000	0	
1321432345258450000	0	
743558303570080000	0	
1323023077802990000	1	0
901213116612182000	1	0
1322897723838890000	1	0
1322788635004050000	0	
1079804116862420000	1	1
1319784707630970000	1	1
1323000610719820000	1	3
1323112036138630000	1	0
1095115349115200000	0	
1145869607867170000	1	1
1323022850320700000	1	3
763917493488542000	0	
1322909927220810000	1	3
1323064329118340000	1	3
1322938589227840000	0	
1252296160146050000	1	0
1323036121710920000	0	
1323111811097500000	1	0
1323141074869750000	1	0
1323045246914190000	1	3
1321170172124700000	1	0
750815366092362000	0	
1264606313033730000	0	
1270852700117230000	1	2
189960399934861000	0	
1322979243257660000	1	0
1322985257050630000	1	3
1322996273482520000	1	3
1322984779810260000	0	
1323019698963950000	1	3
1323023596357370000	1	0
1322779368272190000	0	
1197992965588820000	0	
1283257121015040000	1	1
1100655286895960000	1	0
1323077559031120000	1	0
704956445662401000	1	3
1323078373929680000	1	3
741336583211786000	0	
1323048311604040000	0	
1095443446074990000	1	0
1322965956583430000	0	
1323032881057420000	0	
1322853879822880000	1	0
1092298753078380000	0	
1323077966801310000	1	3
1322962001975480000	1	2
1323049438634560000	0	
1322956714837070000	1	3
1323009312369840000	0	
1323095550162570000	0	
1323002323791190000	1	0
815789014292853000	0	
1322932871812820000	1	3
1322659598499720000	0	
1273358064004060000	1	1
1323015725003490000	1	0
1322976993856660000	1	3
1142859453554930000	1	2
1323060629146460000	1	0
1323013363400660000	0	
1323053204456830000	0	
1322047789178770000	1	0
1321079542061160000	1	2
1092179052360800000	1	1
1322603463012920000	1	0
1322241140398110000	1	1
1321224297164080000	0	
1323077054791910000	1	0
1323107678395140000	1	0
1322939490177080000	1	0
1323058783459940000	1	0
1323124307032040000	1	0
1322929578285950000	1	2
1322945995366380000	0	
1323045041791820000	1	3
1322961605563360000	0	
1323071891662270000	1	0
1095551783475150000	1	1
1323011851479820000	1	0
1269326736875010000	1	1
1144285836223100000	1	1
1321491772246240000	1	2
1315778057295340000	1	1
1323074567753980000	1	3
1323043445188030000	1	3
1323123226638250000	1	3
1323000061421330000	1	3
777602045213803000	0	
1322846556299490000	0	
1323136837091770000	0	
1095358099085580000	0	
1102667928804060000	1	1
1323099152067170000	0	
1323041736566970000	1	0
1323078055263350000	1	3
1322653771432890000	1	0
1105914328291700000	1	1
765555500121457000	0	
1323076744451180000	1	0
1323080176050280000	1	0
1122469894145160000	1	1
1322925658662720000	1	0
542681264185414000	0	
1323007472588610000	1	3
1088515430019410000	1	1
1323134707433840000	1	0
1103833347485180000	1	0
587316760782733000	0	
1079037788098450000	1	1
1322995195059820000	1	0
1095352954150970000	0	
1321663516064010000	1	0
1323033429223590000	0	
1323014104261550000	0	
1323085599297830000	0	
1126846878803480000	1	1
1322979947280010000	0	
1322045937729050000	1	1
1282533898916780000	1	0
1095899265405200000	1	0
1323143797786710000	1	3
1293980541797060000	0	
1282273876270110000	0	
1323146886174380000	1	0
1210964398337950000	0	
1323144937169440000	1	3
1323051556053420000	1	0
1079550186488300000	1	1
1322445856595910000	1	3
1323047588401040000	1	0
1321919484555420000	0	
1322902613835290000	1	0
1322987296954700000	1	3
1132667137183700000	1	1
1264860491693910000	0	
1321804733292710000	1	0
1323090687076800000	1	0
1322925412327010000	0	
1144561568941610000	1	3
1322986728207140000	0	
1322998118221340000	1	3
1222547272199820000	1	0
1204435008267670000	1	1
1281233493930810000	1	3
715966588042740000	0	
520371321339781000	1	3
1322878823726200000	1	3
1094635725050580000	1	1
1322670954049400000	1	0
1323101004364210000	1	0
1323089041135410000	0	
1323003092313530000	1	3
806247319758901000	0	
1082651600672510000	1	1
1244685357825880000	1	1
1322992339384740000	1	3
738077969873244000	0	
1097686068508450000	1	1
1323112024088420000	1	0
1321500256689890000	1	3
1322929764097820000	1	3
1322868223415640000	1	3
1304132492111350000	1	1
1322955019428210000	1	0
1323130082869810000	1	3
1322972434425930000	1	0
1323078738909820000	1	3
1323101669576470000	1	3
1323077708092480000	1	0
1322145488599190000	1	0
1079464614793040000	1	1
1322984416034120000	0	
1322987185184900000	1	0
1321512673104810000	0	
1322529305939860000	1	2
255382829138067000	1	0
773192257780453000	0	
1322953455795900000	0	
1323062651350630000	1	0
1102932648056550000	1	0
1323008961994500000	1	0
1322796248684970000	1	3
962639422125675000	1	2
1323072979153110000	0	
1103414085373200000	1	0
1095750587226910000	1	1
1322581857960140000	1	0
1322976839636260000	1	0
773196407075402000	0	
1323143478503760000	1	1
1322699294831500000	1	3
1199656216307340000	1	0
346489025877660000	1	3
1275938385442600000	1	0
1202139399615600000	1	0
1322976622207670000	1	3
1079748916067880000	1	1
1323007163460130000	1	3
1322942134887030000	0	
1322753673852820000	1	0
1322915230024950000	1	3
1322822284336340000	1	1
1322910020044990000	1	2
797781365181780000	0	
1322816381063210000	1	0
776433325452001000	0	
1271724966950690000	0	
1322946206364950000	1	3
1266409932292870000	1	3
1264606475177070000	0	
1095324208647860000	0	
1322974946746910000	0	
1322929982948200000	1	0
1283246442031840000	1	1
1322998833756970000	1	1
1096549143370180000	1	1
851143570652373000	0	
1256079602243560000	1	1
1322925175055090000	0	
1310105451149680000	1	1
1322573368646840000	1	0
772685844910080000	1	2
1323053562738430000	0	
1323069054467360000	0	
1323036541820820000	0	
758033827906413000	0	
1322963366688840000	0	
1323001883003390000	0	
1322927815281560000	1	0
773339590535119000	0	
1294948476351120000	1	2
1256538678102500000	1	0
1323102316430590000	1	3
625691413955617000	0	
1323126394260320000	0	
1322881607863290000	1	0
1323138174667860000	1	0
1095820248752800000	1	0
1323064160108900000	1	3
1203793154513750000	1	1
1322909482528260000	1	0
1270723565768210000	1	0
716779617202356000	0	
1323124015267940000	1	3
1322179332501100000	1	0
1095867717175970000	1	0
1104220718231770000	1	0
1095822004282890000	1	0
928344894464233000	1	3
1321883610182400000	1	0
1323125042713040000	0	
1323028384461530000	1	3
1097695860329280000	1	1
1095147364120220000	0	
1322968317158720000	1	0
1323012613018540000	1	3
1323007740504080000	0	
1323033479555150000	1	3
1095138314796000000	0	
1321939320815650000	1	0
1323003138270500000	0	
1260028398149100000	1	1
1095103648953190000	1	1
1282510765073800000	1	0
1094836323548980000	1	1
1322974382550090000	1	0
1323028490283820000	1	2
1322937048517520000	1	3
778074277522407000	0	
1091538272847880000	1	1
743592386861896000	0	
1323061344103470000	1	0
1137524381960330000	1	3
1120242075625070000	1	0
1092179137056400000	1	1
1095128507825440000	1	0
1322968290772180000	0	
1322730537228920000	1	0
1156940325321100000	1	0
1222362170672980000	1	1
1095145651242000000	0	
1323087085834700000	0	
753805744969949000	0	
1323124647991410000	0	
525395315663598000	0	
1323061530888270000	0	
773229657491735000	0	
1203983906871100000	1	0
1322978747218160000	1	3
1169697288341600000	1	0
1323080250306210000	1	3
966265774968066000	1	2
1323020941639720000	1	2
587839329050960000	0	
1322842165651950000	1	0
1323070712173730000	1	0
1322659249617540000	0	
1318073680686180000	1	1
958146011276480000	0	
1322927021463270000	0	
797887085923418000	0	
1152260791019760000	0	
1098899942809260000	0	
681614879548125000	0	
1095105106859700000	0	
1095867437894070000	0	
1322996865244270000	0	
1322579609049850000	1	0
1322927054992520000	0	
1323067321175340000	0	
1321877068104270000	0	
1319182991801860000	1	1
1270519195260690000	1	1
773247912520352000	0	
1322876797520920000	0	
1102932284062220000	0	
1322926575961190000	0	
1322991435252190000	0	
1116404841679600000	0	
738075232901181000	0	
1095120680440510000	0	
1323063531047180000	0	
1116740914746140000	0	
1322911042343720000	1	0
1323010828711430000	0	
1323035734996100000	0	
1095477213837840000	0	
1323003132276840000	0	
1095134221193090000	0	
1322968549950920000	0	
1322913010403390000	1	0
1323065855064850000	0	
1323045051790970000	1	0
1323052473309870000	0	
702584849459225000	0	
1322929231966410000	0	
1081969588328430000	1	1
1079817869729370000	0	
1322980741748270000	0	
664805710522409000	0	
1323043430260380000	0	
1322996848773220000	0	
1323089194181370000	0	
1323007645796740000	0	
1095172576710520000	0	
1323045923744830000	0	
1256739100994030000	0	
1323003546330040000	0	
1321835686681610000	1	0
1323126927213780000	0	
534736814469554000	0	
1323128378359210000	0	
1301717006941670000	1	2
1323051483227690000	0	
1144454417346780000	0	
1323021786754110000	0	
568835617901154000	0	
1323000016231930000	1	0
1323046761506620000	0	
776491052534563000	0	
672944757325173000	1	0
730229411283391000	0	
1193954670798090000	0	
1294160221040820000	0	
1323067679150870000	0	
1323138928497580000	0	
1322650318195230000	0	
1323025174913080000	0	
1323045927830130000	1	3
1120229891809530000	1	0
1187898444066770000	0	
1323104993910630000	0	
1321173109014170000	1	1
1120335829925360000	0	
997242893860454000	1	1
1323035330413430000	0	
1323046076404950000	0	
1321882694725360000	0	
1323053374854580000	0	
928589236458197000	0	
722130789840892000	0	
1320807108057600000	1	3
1323107724452860000	0	
1323042242190300000	0	
1311241944480190000	1	1
1308089316212720000	0	
1322983822636450000	0	
1323020487245660000	0	
1102659166441800000	0	
1285398444102820000	1	1
1212969954041090000	0	
1303487109513110000	0	
988429736962679000	0	
1264607736437840000	1	0
714574455012508000	0	
1307925662699840000	1	1
1095709429801150000	0	
1299041979540610000	1	1
1109532736203700000	0	
1203484019175970000	0	
1323010221485230000	0	
1323097846569010000	0	
1322879517699000000	0	
1323121662481570000	0	
570245600815538000	0	
365881481790378000	0	
1323067303299370000	0	
1322961226025130000	0	
1311001520763100000	1	1
1322543852176240000	1	0
1323010686780240000	0	
1321856863210770000	0	
1323105635530170000	0	
1323106600777900000	0	
1323091193970850000	1	3
1323127467050120000	0	
1322951297335730000	0	
1323017961012190000	0	
1322282034274980000	0	
767903795720356000	0	
1323121340270870000	0	
1323138726592130000	0	
1322916498327940000	0	
1275838045745340000	0	
944912146160280000	1	1
1321169799578330000	0	
747179870929691000	0	
1323133059353500000	0	
1095246297651730000	0	
1106372691781740000	0	
1323044771070310000	0	
1322742542979520000	0	
1158730491786350000	1	1
1079133188193170000	1	1
1096613401244110000	0	
1323007618592440000	0	
1323006211659370000	0	
884838620737274000	0	
1323139580036590000	0	
1322691098091900000	1	0
1322915500112910000	0	
1107749608237810000	0	
1200177499587650000	1	1
1322930482280080000	0	
1322734345958900000	1	0
1323147861564020000	1	0
1323001152590340000	0	
1323100959971640000	0	
1323002291520220000	0	
1078846098075210000	0	
1322942299479830000	0	
1322933212364960000	0	
1323014811391790000	0	
1322980091450840000	0	
919536967523668000	0	
1322834300174270000	1	1
1321314825129980000	0	
1310417250776690000	1	0
1322594113779310000	1	0
1323143104396960000	0	
1323119382365550000	0	
1323066521766300000	1	0
813209478376133000	0	
644791892782264000	1	0
1322312567537260000	1	3
1321098803877940000	0	
1323010066413470000	0	
767798261868618000	0	
722134660977963000	0	
1322939100371010000	0	
1210967624818910000	1	1
1168524626424580000	1	0
1095735889123210000	0	
1151993138329740000	0	
1323090653920790000	0	
1323150930913780000	0	
1322996653121420000	0	
1323010583256570000	0	
1323075892449600000	1	0
629453385142534000	0	
1194058902607780000	1	1
674298693957235000	0	
1323088744266760000	1	0
1323066323841280000	0	
1323012933887110000	0	
678719278858637000	0	
570949818958385000	0	
1322973922913140000	0	
1105018062217140000	0	
1294732551920250000	0	
774293417668907000	0	
1322996105601310000	0	
1322925410812790000	0	
1321946511685670000	1	0
1323057235199600000	1	0
1207475414718920000	1	3
1323028306120400000	0	
1322996243044440000	1	0
1323139498277030000	1	1
1320796601292590000	0	
1322569629605240000	1	0
1264606384303350000	0	
1323038650817460000	0	
1264861045392400000	0	
1323088446387360000	1	3
1095045497444660000	1	1
1321043102703010000	1	3
1319810027708810000	1	1
1174698241063040000	1	1
1118270058390790000	1	1
1322984362346990000	1	3
1323009325506380000	0	
1323025021426720000	1	3
835191262118625000	0	
1323065604539100000	1	0
1323144692465170000	1	0
1323069783743500000	1	3
1322957240450620000	1	0
1323041815382160000	0	
1322622406675080000	1	1
1283436189077390000	1	3
925053315498390000	1	3
733190638892503000	1	0
1323081431803830000	1	0
1322416530559260000	1	2
1096031214635500000	0	
1322965045282820000	1	3
1323108255556510000	1	3
1322878227996620000	1	3
1322916071347770000	0	
1319753979790640000	1	1
1096263686992340000	1	1
1134402673208430000	1	1
1323093782246680000	0	
1323033215557250000	1	3
1321594376024460000	1	1
1322087593228550000	1	0
1323034706775040000	0	
1323126221874600000	1	3
1094841879739260000	1	1
1323088057306760000	1	3
1322986232494790000	0	
1095143147141810000	1	1
1322580422807720000	1	0
1323011223642950000	1	0
1322977491267530000	1	0
1323020263768810000	0	
1323009347367160000	0	
1094980391167960000	1	1
1322999646990390000	1	3
1323122958001270000	1	0
1079048553400590000	1	1
1322929705767550000	1	0
1323012821680940000	0	
1322947728800910000	0	
1322922742665140000	1	0
1323007149581210000	1	0
1195080160250390000	1	1
1322895173190330000	1	0
1323036035689930000	1	3
1152375611740050000	1	1
1323077894072130000	1	0
1103810610544980000	0	
1322981411696060000	0	
1046962443090610000	1	0
1160213407053880000	1	2
776855486092149000	0	
189980921460568000	0	
1322989349324120000	0	
512767645930648000	0	
1322918831183060000	0	
1101666020266310000	1	1
1322148609295550000	1	0
1323144872661000000	0	
1322991754342180000	1	3
1323144439167020000	1	3
1321884747312910000	1	3
1322977084944320000	0	
1103522215557950000	1	1
1264607659786900000	0	
810942372158853000	1	3
1279796474893800000	1	1
1292777713590310000	1	1
1156129029717670000	1	1
1322656798734720000	1	1
1323085961807480000	0	
1323070761045790000	0	
1323107938471500000	0	
1284839377709850000	1	2
1322965906125920000	1	1
1323149897906880000	1	0
1323066177363400000	1	0
1110765785117610000	1	1
1322939072881460000	0	
1323121442884620000	0	
552786274386739000	0	
1142886874140140000	1	1
492393697309655000	1	2
438098823567528000	1	1
1322959034291470000	1	3
1173693820309030000	1	1
1304685707978400000	1	0
1321668630103360000	1	0
1322660275481420000	1	0
948876812960006000	1	2
1095396292262540000	0	
1317423648685330000	0	
773196381104243000	1	2
1323025826372220000	1	3
1322904188624530000	1	0
1322975247184940000	1	0
1079576849494300000	1	1
1323053160189980000	1	3
1322788037479280000	0	
1104218526267500000	1	1
1322911947113880000	0	
1323138807311590000	1	3
1322153185516070000	1	0
1087449088944190000	1	1
1322999210631900000	1	0
1280484413910980000	1	0
1323037947881570000	1	3
1321833593082100000	1	3
1143754900767040000	1	2
1323115147901070000	0	
1322977958064200000	1	3
1230142359414820000	0	
1103993428671680000	1	1
1095774543774470000	1	1
1323049872019270000	1	3
1320809131029210000	1	3
1322992328324320000	1	0
1323011977548020000	1	3
846984847461634000	0	
1193355463930330000	1	1
1323084426276980000	1	2
1323053705445450000	1	0
1283451959421410000	1	1
1323088404406550000	1	0
1322935420947060000	1	3
1323112956859590000	0	
1322821344992630000	1	3
1323118772719270000	1	0
1260327944108550000	1	1
1322574078545480000	1	0
1323114295777920000	1	3
1323118704822010000	1	0
1323112028186270000	1	1
1282429579886500000	1	2
1294361249250020000	1	1
1323023089433790000	0	
1095102901708640000	1	1
1095629001509490000	1	1
231700114073330000	0	
1140432737653920000	1	1
1322976683901800000	0	
1323033983102330000	0	
1320511241329190000	1	1
1278353429224670000	1	1
1323070319490440000	1	3
1114914376182580000	1	1
1322893991994640000	1	0
1287542513809670000	1	1
1323124861078750000	1	3
1197051834122330000	1	2
1319532015914340000	1	0
1320808261377990000	1	3
1323125980215460000	1	0
1323001029093450000	1	3
1323124224156930000	1	3
1323001492870230000	1	3
1286664783962480000	0	
1322957566163510000	1	0
1322915666911970000	1	0
1264860682404750000	0	
1321954970762170000	1	3
1322997740159310000	1	3
945026784977965000	1	3
1323152013207560000	1	3
581479581070295000	1	3
1322990305021460000	1	3
1309401548594660000	1	1
1323098351953350000	1	3
1323038013035840000	0	
1323122813419610000	1	2
1256979577018120000	1	1
1323021347484700000	0	
1313784034481370000	1	3
1323019218321900000	0	
1240677593055200000	1	3
1323083042936640000	1	3
1323150379715100000	1	0
1322976970401930000	1	1
1321940665249520000	1	0
1103250017505210000	1	1
620312556029235000	0	
1104916626829400000	0	
1322929092971420000	0	
724644597167735000	0	
742833344476512000	0	
1322983508768270000	0	
1178269407442870000	1	1
1323089249449750000	1	3
1322961448901950000	1	3
324007679771177000	1	1
1322972796138460000	0	
1322983590838370000	1	0
1317839387787480000	1	1
1120812983326740000	1	1
1322912786192700000	1	0
1323065106549400000	0	
1322950965130110000	1	0
1097999404328460000	1	1
1323005059228120000	0	
966973315750547000	1	2
1322966019191660000	0	
1323052842748280000	1	3
1323128903385390000	0	
1322969426472350000	1	3
722134669840372000	0	
1323022028333610000	1	0
1323057907248870000	0	
730250404970254000	0	
1323124660595290000	1	0
409002197717123000	1	3
1322054827816420000	1	0
1323038483494160000	1	3
1308521123550820000	1	1
898313869357089000	1	3
1322958499094110000	1	3
1320080731314450000	1	0
1323044511489160000	1	1
1323086034171820000	1	2
773393410833191000	0	
1322948232822070000	0	
1322842568779050000	1	3
258541001902272000	1	3
1323140760280180000	1	0
1321685305028650000	1	0
1095192714050710000	1	1
1253518981731930000	1	1
1182860879848760000	0	
1285368198339210000	1	1
1151848020973120000	1	1
1323012101410100000	0	
1303489630684110000	1	1
767798272064913000	0	
1137020939399510000	1	3
1322974944863660000	1	3
1182858739256350000	0	
1323021844203690000	1	2
1095104558148280000	1	1
1323082214129750000	1	1
1258336855235300000	1	1
1321877633160880000	0	
1116378611873980000	1	2
1323075471001720000	1	3
1322366607025270000	1	0
733599421036794000	0	
1320808010982310000	1	3
1320844157141820000	1	3
1322803310869580000	1	0
1320750529362970000	0	
1322606260613710000	0	
1321851753281820000	1	3
1323028303679290000	1	0
1322854008860640000	1	0
1227332937919670000	1	3
1145739564117640000	1	1
1322976077023690000	1	0
1317905222258300000	1	0
1323024060050150000	1	0
1095134406661030000	0	
1271496489148340000	1	1
1323031158360340000	1	3
1323050078395790000	1	1
1323028489365270000	1	0
1102841632007860000	1	1
1323014412001780000	1	3
1322996628026870000	0	
1151788365785830000	1	1
1322998779109360000	1	3
980438273251336000	1	3
722130780391096000	0	
1322783731724290000	1	2
1323125231343620000	1	3
1323018062984030000	1	0
1323050071177530000	1	3
1323076900122630000	1	3
1322365204009810000	0	
1323005853277050000	1	2
1095291089660060000	1	0
1323085024372160000	1	2
1323014210113210000	1	3
1322662384524210000	0	
1322963668896760000	1	3
1323099771750340000	1	3
538000613490303000	0	
1322964262193560000	0	
1095361120200740000	1	1
637311270773989000	0	
1322932758805650000	0	
1321548203834170000	1	0
1323114213099760000	1	3
1322953869589140000	1	3
868726081913836000	0	
551326145929830000	0	
1304878409051300000	0	
1207411041434400000	0	
1322981589060640000	1	3
1095130072082710000	0	
752545345909948000	0	
1130770493932540000	0	
1322876870380210000	1	0
1323044729047630000	0	
1322991306239550000	1	3
1283830344324710000	1	3
1323107761182410000	1	3
1323125382950710000	1	3
1322955154379990000	0	
581479855495234000	1	3
1323079335830560000	0	
1322709134857430000	0	
1323148898140100000	1	2
722242943814353000	0	
1322921735369490000	1	3
1323101403993260000	0	
1092099703196520000	0	
608021861880885000	1	3
1323014108707510000	1	2
1323152362794480000	1	0
1323097434826940000	1	3
1321551903709430000	1	3
1323045953654400000	0	
1103814604902290000	1	1
1322954326743150000	0	
1323059640096170000	0	
1286235639768320000	1	1
1323074283984380000	0	
1323068641588390000	0	
1095746530068310000	1	1
1322934816124390000	0	
1321346940211290000	1	0
847472061337420000	0	
1322950758485100000	1	0
786644430723879000	1	2
1323068961538430000	0	
1199724990289120000	1	3
1322602032012750000	1	0
1093586247296190000	1	1
165264456048316000	0	
1323106943741890000	1	3
1280824192204710000	1	1
1323121831847610000	1	3
1323115785884150000	1	0
1322981804274570000	1	3
1138820401042210000	1	1
750871551382327000	0	
1320778945097310000	1	0
1316004293464470000	0	
800474011713081000	1	3
1322985144534340000	1	0
620800475093410000	1	3
1323103102703180000	0	
1123710021999700000	1	1
1322664208148940000	1	0
733366967151825000	1	3
1095836105931400000	1	3
1323014906480870000	1	0
1322614449543530000	1	0
1322915283309350000	0	
1323053961486780000	0	
1321885171218590000	0	
1323062796280620000	0	
1322930678003090000	1	3
1238075621072350000	1	1
1323141740212100000	1	3
1095105043198600000	1	1
1261500072874910000	1	1
1323003906222340000	1	3
1323021841112400000	1	3
1322633875286320000	1	0
1322951235297790000	1	0
1322985339691150000	0	
1103377551756590000	1	1
1298067189132660000	1	3